Date,forecast_load_mw,Temperature
2014-01-01,11092.62105263158,16.0
2014-01-02,12443.429166666669,10.0
2014-01-03,13260.695833333331,4.0
2014-01-04,12212.7625,25.0
2014-01-05,11518.079166666666,13.0
2014-01-06,13945.570833333331,-9.0
2014-01-07,14842.65,-4.5
2014-01-08,14067.4875,5.5
2014-01-09,13710.604166666666,11.5
2014-01-10,12581.075,33.5
2014-01-11,11308.0375,35.5
2014-01-12,10745.979166666666,36.0
2014-01-13,11510.983333333334,36.0
2014-01-14,12147.716666666667,28.5
2014-01-15,12697.358333333334,18.5
2014-01-16,12679.104166666666,26.5
2014-01-17,12923.483333333334,16.0
2014-01-18,12360.783333333333,14.0
2014-01-19,11454.170833333334,23.5
2014-01-20,11895.170833333334,24.0
2014-01-21,13215.929166666669,6.5
2014-01-22,13685.691666666668,7.5
2014-01-23,13987.979166666666,2.5
2014-01-24,14141.3375,11.0
2014-01-25,12775.420833333334,20.0
2014-01-26,12060.6875,18.5
2014-01-27,13641.270833333334,-0.5
2014-01-28,14932.545833333334,-4.0
2014-01-29,13902.179166666669,12.0
2014-01-30,13195.7875,26.5
2014-01-31,12870.004166666668,22.5
2014-02-01,11871.404166666667,25.5
2014-02-02,11595.104166666666,10.0
2014-02-03,12927.504166666668,7.5
2014-02-04,13233.970833333333,15.5
2014-02-05,12817.866666666669,17.0
2014-02-06,13418.729166666666,6.0
2014-02-07,13811.991666666669,3.5
2014-02-08,12673.5875,10.5
2014-02-09,11702.683333333332,11.5
2014-02-10,13036.683333333332,4.5
2014-02-11,13749.1,3.0
2014-02-12,13533.466666666667,9.5
2014-02-13,12943.220833333333,21.0
2014-02-14,12632.670833333334,17.0
2014-02-15,11960.720833333333,13.5
2014-02-16,11214.904166666667,23.0
2014-02-17,12177.695833333331,25.5
2014-02-18,12070.416666666666,31.0
2014-02-19,11676.004166666668,37.0
2014-02-20,11690.483333333334,41.5
2014-02-21,11830.6,31.5
2014-02-22,11286.625,28.0
2014-02-23,10994.916666666666,21.5
2014-02-24,12383.1125,18.5
2014-02-25,12725.529166666667,14.0
2014-02-26,13394.625,9.5
2014-02-27,13432.729166666666,11.0
2014-02-28,13438.170833333334,16.5
2014-03-01,11806.675,21.0
2014-03-02,11515.975,7.5
2014-03-03,12950.291666666666,8.5
2014-03-04,13080.3625,19.5
2014-03-05,12680.079166666666,21.0
2014-03-06,12547.095833333333,24.5
2014-03-07,12132.908333333333,30.0
2014-03-08,10993.833333333334,29.5
2014-03-09,10668.770833333334,30.5
2014-03-10,10963.1125,46.5
2014-03-11,11167.745833333332,42.0
2014-03-12,11770.1625,24.0
2014-03-13,12299.1625,25.0
2014-03-14,11627.929166666669,45.0
2014-03-15,10370.620833333332,33.5
2014-03-16,10384.4625,23.0
2014-03-17,11826.108333333334,30.0
2014-03-18,11492.875,39.5
2014-03-19,11157.929166666669,40.0
2014-03-20,11180.970833333333,38.5
2014-03-21,10849.854166666666,44.0
2014-03-22,10060.820833333331,33.5
2014-03-23,10163.325,25.5
2014-03-24,11546.058333333332,28.0
2014-03-25,11892.466666666667,25.5
2014-03-26,12031.4625,27.0
2014-03-27,11504.695833333331,44.5
2014-03-28,10995.108333333334,44.5
2014-03-29,10255.841666666667,34.5
2014-03-30,9612.616666666669,41.0
2014-03-31,10340.0375,54.5
2014-04-01,10693.516666666666,44.5
2014-04-02,10910.3875,39.5
2014-04-03,11180.445833333331,39.0
2014-04-04,11095.370833333332,41.0
2014-04-05,10160.970833333333,41.0
2014-04-06,9223.308333333332,44.0
2014-04-07,10318.5,45.0
2014-04-08,10593.525,50.0
2014-04-09,10635.654166666667,47.5
2014-04-10,10470.533333333333,53.5
2014-04-11,10397.6375,53.5
2014-04-12,9445.183333333332,62.0
2014-04-13,8979.566666666668,55.5
2014-04-14,10175.783333333333,46.5
2014-04-15,11099.529166666667,32.0
2014-04-16,11036.333333333334,39.0
2014-04-17,10612.808333333332,51.0
2014-04-18,10024.775,44.5
2014-04-19,9276.820833333331,51.5
2014-04-20,8450.2125,60.0
2014-04-21,9887.508333333331,66.0
2014-04-22,10236.5875,48.5
2014-04-23,10466.570833333331,42.0
2014-04-24,10390.55,51.5
2014-04-25,10231.316666666668,57.5
2014-04-26,9259.291666666666,48.5
2014-04-27,8797.6875,51.0
2014-04-28,9999.85,50.0
2014-04-29,10281.208333333334,53.0
2014-04-30,10276.183333333332,48.0
2014-05-01,10385.641666666666,45.5
2014-05-02,10268.0625,49.5
2014-05-03,9258.983333333334,56.5
2014-05-04,8614.508333333333,51.0
2014-05-05,9907.545833333334,49.0
2014-05-06,10217.016666666666,52.0
2014-05-07,10479.245833333332,63.0
2014-05-08,11116.170833333334,70.0
2014-05-09,11345.870833333332,63.5
2014-05-10,9607.025,62.0
2014-05-11,9092.420833333334,66.5
2014-05-12,11557.233333333334,74.0
2014-05-13,11487.833333333334,59.5
2014-05-14,10237.55,50.0
2014-05-15,10187.679166666669,47.5
2014-05-16,10229.679166666669,41.5
2014-05-17,9238.295833333334,49.5
2014-05-18,8528.266666666666,58.0
2014-05-19,9795.520833333334,57.0
2014-05-20,10742.420833333334,73.5
2014-05-21,12127.870833333332,74.5
2014-05-22,11377.829166666666,61.5
2014-05-23,10578.983333333334,63.0
2014-05-24,9352.154166666667,60.5
2014-05-25,8871.35,66.5
2014-05-26,9900.15,74.0
2014-05-27,12202.95,71.5
2014-05-28,11476.7625,64.5
2014-05-29,10987.283333333333,66.0
2014-05-30,10983.5375,65.0
2014-06-01,11110.108333333334,76.5
2014-06-02,13133.395833333334,75.5
2014-06-03,13115.529166666667,73.5
2014-06-04,11540.05,62.5
2014-06-05,10829.575,64.0
2014-06-06,11174.9625,65.0
2014-06-07,11019.704166666666,70.5
2014-06-08,9785.175,63.0
2014-06-09,10517.091666666667,66.5
2014-06-10,10708.295833333334,61.0
2014-06-11,10634.854166666666,62.0
2014-06-12,11088.541666666666,68.5
2014-06-13,10870.0125,65.0
2014-06-14,9888.45,77.5
2014-06-15,10016.079166666666,63.5
2014-06-16,13307.133333333331,77.0
2014-06-17,15453.220833333333,84.0
2014-06-18,15773.4125,71.5
2014-06-19,13839.3,69.0
2014-06-20,13527.0375,74.0
2014-06-21,12118.35,72.0
2014-06-22,11391.383333333331,72.5
2014-06-23,13034.0625,73.5
2014-06-24,13940.975,78.5
2014-06-25,13033.691666666668,69.5
2014-06-26,11877.758333333331,68.5
2014-06-27,12612.770833333334,73.5
2014-06-28,13359.241666666669,79.0
2014-06-29,13172.554166666669,77.0
2014-07-01,14627.1375,73.5
2014-07-02,12197.795833333334,63.0
2014-07-03,11111.9125,66.0
2014-07-04,10029.145833333334,68.5
2014-07-05,10060.675,68.5
2014-07-06,10530.916666666666,75.0
2014-07-07,14338.279166666667,78.5
2014-07-08,14277.879166666668,81.5
2014-07-09,13066.383333333331,85.0
2014-07-10,12242.7375,85.0
2014-07-11,12231.708333333334,84.5
2014-07-12,11904.6625,83.5
2014-07-13,12215.020833333334,85.0
2014-07-14,12673.35,83.5
2014-07-15,11243.908333333333,84.0
2014-07-16,10853.808333333332,84.0
2014-07-17,11093.633333333331,83.0
2014-07-18,11652.041666666666,82.0
2014-07-19,11188.320833333331,83.5
2014-07-20,10966.1125,85.0
2014-07-21,13473.070833333331,84.0
2014-07-22,15119.579166666666,82.5
2014-07-23,13692.329166666666,84.0
2014-07-24,11740.5625,84.5
2014-07-25,11434.283333333333,84.5
2014-07-26,11801.608333333334,83.0
2014-07-27,12146.820833333331,81.5
2014-07-28,11580.379166666668,80.5
2014-07-29,11514.3375,81.5
2014-08-01,12712.295833333334,73.5
2014-08-02,11737.479166666666,72.5
2014-08-03,11390.9,74.5
2014-08-04,13255.0875,77.0
2014-08-05,13051.016666666666,72.0
2014-08-06,12279.533333333333,71.0
2014-08-07,12256.508333333331,75.0
2014-08-08,12573.904166666667,76.5
2014-08-09,11793.808333333332,77.0
2014-08-10,11295.3,76.5
2014-08-11,12886.066666666668,77.0
2014-08-12,12064.458333333334,77.5
2014-08-13,11589.166666666666,77.5
2014-08-14,11616.754166666668,79.0
2014-08-15,11311.4375,80.0
2014-08-16,11081.945833333331,79.5
2014-08-17,10567.5,79.5
2014-08-18,12368.1,80.5
2014-08-19,13601.479166666666,80.5
2014-08-20,14176.2,82.5
2014-08-21,14775.675,82.0
2014-08-22,15366.504166666668,80.0
2014-08-23,13953.716666666667,80.0
2014-08-24,12853.05,80.5
2014-08-25,15629.8875,81.0
2014-08-26,15280.295833333334,81.5
2014-08-27,13470.029166666667,81.0
2014-08-28,12561.475,80.5
2014-08-29,13608.304166666669,79.5
2014-09-01,12643.366666666669,76.5
2014-09-02,13449.595833333333,74.5
2014-09-03,13586.308333333332,72.0
2014-09-04,14583.058333333332,78.0
2014-09-05,15116.133333333331,76.0
2014-09-06,11225.091666666667,67.5
2014-09-07,9931.0,73.5
2014-09-08,11307.270833333334,73.0
2014-09-09,12026.1875,75.5
2014-09-10,12662.629166666668,77.0
2014-09-11,11025.608333333334,76.0
2014-09-12,10367.029166666667,74.5
2014-09-13,9374.2,74.5
2014-09-14,8721.041666666666,71.5
2014-09-15,9992.833333333334,72.5
2014-09-16,10277.566666666668,70.0
2014-09-17,10373.454166666666,68.0
2014-09-18,10382.8625,68.5
2014-09-19,10529.1125,70.0
2014-09-20,10173.341666666667,68.0
2014-09-21,9402.708333333334,67.5
2014-09-22,10021.041666666666,67.0
2014-09-23,10355.241666666669,66.0
2014-09-24,10518.016666666666,68.5
2014-09-25,10619.883333333331,69.5
2014-09-26,10830.545833333334,70.5
2014-09-27,10019.733333333334,71.0
2014-09-28,9543.691666666668,71.5
2014-09-29,11015.633333333331,72.0
2014-10-01,10324.25,59.5
2014-10-02,10726.9375,67.5
2014-10-03,10718.429166666669,54.0
2014-10-04,9484.783333333333,41.0
2014-10-05,8806.5,46.0
2014-10-06,9996.8375,51.5
2014-10-07,10310.504166666668,49.0
2014-10-08,10243.379166666668,56.0
2014-10-09,10158.9875,59.0
2014-10-10,10135.645833333334,62.0
2014-10-11,9261.975,62.0
2014-10-12,8650.604166666666,63.0
2014-10-13,10012.483333333334,63.5
2014-10-14,10590.258333333331,64.5
2014-10-15,10378.225,63.5
2014-10-16,10387.333333333334,60.0
2014-10-17,10234.558333333332,58.0
2014-10-18,9385.095833333333,55.0
2014-10-19,8884.820833333333,53.5
2014-10-20,10011.8375,54.0
2014-10-21,10319.941666666668,52.5
2014-10-22,10408.0375,55.5
2014-10-23,10474.254166666668,57.0
2014-10-24,10288.695833333331,58.5
2014-10-25,9383.008333333331,61.0
2014-10-26,8654.404166666667,63.5
2014-10-27,10307.5375,64.5
2014-10-28,10560.295833333334,64.5
2014-10-29,10461.266666666666,65.5
2014-11-01,10030.1125,36.0
2014-11-02,9314.583333333334,38.0
2014-11-03,10365.045833333334,52.5
2014-11-04,10633.7625,52.0
2014-11-05,10637.004166666668,47.0
2014-11-06,10666.683333333332,44.5
2014-11-07,10877.6375,43.0
2014-11-08,10198.566666666668,42.5
2014-11-09,9462.091666666667,47.5
2014-11-10,10421.583333333334,49.0
2014-11-11,10765.745833333332,49.5
2014-11-12,11501.058333333332,47.0
2014-11-13,11865.795833333334,46.5
2014-11-14,11820.175,48.5
2014-11-15,11062.608333333334,49.5
2014-11-16,10402.808333333332,50.5
2014-11-17,11740.3125,53.0
2014-11-18,12689.125,52.5
2014-11-19,12540.4375,52.0
2014-11-20,12430.758333333331,49.0
2014-11-21,12448.7,50.5
2014-11-22,11132.366666666669,51.5
2014-11-23,9759.4125,49.0
2014-11-24,10837.595833333333,51.0
2014-11-25,11913.908333333333,52.5
2014-11-26,12294.658333333333,50.0
2014-11-27,11173.0625,50.0
2014-11-28,10877.441666666668,46.5
2014-11-29,10400.183333333332,44.5
2014-12-01,11799.883333333331,21.5
2014-12-02,12407.945833333331,26.0
2014-12-03,12126.983333333334,30.5
2014-12-04,12316.491666666669,29.0
2014-12-05,11805.995833333332,36.0
2014-12-06,10903.904166666667,33.0
2014-12-07,10508.3625,29.5
2014-12-08,11735.375,29.0
2014-12-09,11938.7875,25.0
2014-12-10,12096.925,26.5
2014-12-11,12121.375,24.0
2014-12-12,12114.370833333332,28.5
2014-12-13,10982.320833333331,30.0
2014-12-14,9909.7375,31.5
2014-12-15,10898.2125,35.0
2014-12-16,11390.8,35.5
2014-12-17,12060.858333333334,34.0
2014-12-18,12449.941666666668,37.5
2014-12-19,12332.258333333331,33.5
2014-12-20,11376.529166666667,36.5
2014-12-21,10625.125,35.0
2014-12-22,11768.008333333331,36.0
2014-12-23,11456.15,34.5
2014-12-24,10633.545833333334,34.0
2014-12-25,9890.9625,34.5
2014-12-26,10326.45,32.0
2014-12-27,10009.595833333333,32.0
2014-12-28,10207.9875,33.0
2015-01-01,11611.225,23.0
2015-01-02,11610.545833333334,24.5
2015-01-03,10995.316666666668,31.5
2015-01-04,10695.4,17.5
2015-01-05,12994.341666666667,1.5
2015-01-06,13254.054166666669,2.5
2015-01-07,13573.4125,0.0
2015-01-08,14218.658333333333,5.0
2015-01-09,13827.783333333333,5.5
2015-01-10,12940.645833333334,11.0
2015-01-11,11500.2125,27.0
2015-01-12,12317.104166666666,21.5
2015-01-13,13122.154166666667,11.0
2015-01-14,13568.9375,10.0
2015-01-15,13143.254166666668,25.5
2015-01-16,12384.720833333333,28.5
2015-01-17,11252.45,34.0
2015-01-18,10413.533333333333,33.5
2015-01-19,11450.7875,33.0
2015-01-20,11841.666666666666,32.5
2015-01-21,11945.504166666668,31.0
2015-01-22,11987.020833333334,29.5
2015-01-23,11980.833333333334,30.0
2015-01-24,11090.254166666668,36.0
2015-01-25,10555.195833333331,29.0
2015-01-26,12013.875,20.5
2015-01-27,12148.058333333332,26.0
2015-01-28,12189.633333333331,26.5
2015-01-29,11905.591666666667,31.5
2015-01-30,12134.141666666666,24.0
2015-01-31,11352.883333333331,27.5
2015-02-01,10801.858333333334,25.0
2015-02-02,12211.4125,12.5
2015-02-03,12775.6875,14.0
2015-02-04,12513.183333333332,14.5
2015-02-05,13091.675,6.5
2015-02-06,12888.791666666666,22.0
2015-02-07,11292.0,29.5
2015-02-08,10233.420833333334,32.0
2015-02-09,11738.6625,23.0
2015-02-10,12271.816666666668,23.5
2015-02-11,12023.308333333332,26.5
2015-02-12,12680.020833333334,13.0
2015-02-13,13043.575,15.5
2015-02-14,12108.629166666668,14.0
2015-02-15,12133.629166666668,6.0
2015-02-16,12784.029166666667,11.5
2015-02-17,12886.3625,13.5
2015-02-18,13271.041666666666,2.5
2015-02-19,14070.645833333334,-2.0
2015-02-20,13989.129166666668,5.5
2015-02-21,12064.579166666666,24.5
2015-02-22,11364.541666666666,15.0
2015-02-23,13197.895833333334,4.0
2015-02-24,13317.083333333334,16.5
2015-02-25,12660.933333333332,18.0
2015-02-26,12729.779166666667,9.5
2015-02-27,13255.95,6.0
2015-02-28,12481.55,5.5
2015-03-01,11330.920833333334,17.5
2015-03-02,12088.691666666668,23.0
2015-03-03,12127.895833333334,29.0
2015-03-04,12278.05,20.5
2015-03-05,12970.85,9.5
2015-03-06,13015.9375,13.5
2015-03-07,11242.8375,34.0
2015-03-08,10201.2625,34.0
2015-03-09,11042.7,37.5
2015-03-10,10975.129166666668,43.0
2015-03-11,10835.470833333333,40.5
2015-03-12,10845.770833333334,42.0
2015-03-13,10427.229166666666,51.0
2015-03-14,9421.558333333332,48.5
2015-03-15,8946.0375,45.5
2015-03-16,9961.879166666668,57.5
2015-03-17,10515.045833333334,36.5
2015-03-18,10801.245833333332,39.0
2015-03-19,10639.379166666668,41.5
2015-03-20,10476.5,44.0
2015-03-21,9595.216666666667,40.5
2015-03-22,9440.5875,30.5
2015-03-23,11075.8625,29.5
2015-03-24,11310.4875,28.0
2015-03-25,11066.145833333334,38.0
2015-03-26,11050.4875,36.5
2015-03-27,11245.208333333334,26.0
2015-03-28,10614.125,28.0
2015-03-29,9926.266666666666,35.5
2015-03-30,10506.220833333333,47.5
2015-03-31,10444.104166666666,48.5
2015-04-01,10459.879166666668,53.5
2015-04-02,10323.533333333333,57.5
2015-04-03,10169.245833333332,41.5
2015-04-04,9586.654166666667,43.0
2015-04-05,8898.1875,51.0
2015-04-06,9975.895833333334,48.0
2015-04-07,10448.379166666668,42.0
2015-04-08,10534.745833333332,45.0
2015-04-09,10690.658333333333,56.0
2015-04-10,10349.241666666669,50.5
2015-04-11,9394.6625,50.0
2015-04-12,8785.729166666666,54.5
2015-04-13,10007.341666666667,57.0
2015-04-14,10224.491666666669,52.5
2015-04-15,10242.045833333334,53.5
2015-04-16,10109.15,55.5
2015-04-17,10143.704166666666,61.5
2015-04-18,9227.491666666669,56.0
2015-04-19,8585.5625,58.0
2015-04-20,9842.75,46.5
2015-04-21,10270.85,46.0
2015-04-22,10447.729166666666,40.0
2015-04-23,10445.0375,43.5
2015-04-24,10251.1,43.0
2015-04-25,9512.2375,43.5
2015-04-26,8859.695833333333,45.5
2015-04-27,9967.366666666669,46.5
2015-04-28,10230.683333333332,46.5
2015-04-29,10160.4375,49.5
2015-04-30,10105.733333333334,44.5
2015-05-01,10112.420833333334,52.5
2015-05-02,9262.854166666666,63.0
2015-05-03,8984.958333333334,66.5
2015-05-04,10615.083333333334,64.5
2015-05-05,10312.883333333331,51.5
2015-05-06,10515.095833333333,61.5
2015-05-07,11249.045833333334,67.5
2015-05-08,11866.7875,72.0
2015-05-09,10033.6625,55.5
2015-05-10,8750.241666666667,49.5
2015-05-11,10050.1125,57.5
2015-05-12,10113.604166666666,50.0
2015-05-13,10104.720833333333,46.0
2015-05-14,10099.283333333333,54.5
2015-05-15,10292.845833333333,66.5
2015-05-16,10062.875,70.5
2015-05-17,10210.395833333334,74.0
2015-05-18,11827.941666666668,63.0
2015-05-19,10406.208333333334,46.5
2015-05-20,10088.941666666668,43.5
2015-05-21,10051.554166666669,57.0
2015-05-22,9969.35,56.5
2015-05-23,9119.095833333333,63.0
2015-05-24,8840.583333333334,65.5
2015-05-25,10144.85,71.5
2015-05-26,11540.858333333334,69.0
2015-05-27,11519.1625,66.5
2015-05-28,11884.095833333333,68.0
2015-05-29,12433.741666666669,72.0
2015-05-30,10621.266666666666,57.5
2015-05-31,8654.5,48.5
2015-06-01,9700.9125,52.0
2015-06-02,10041.3875,56.0
2015-06-03,10379.233333333334,63.5
2015-06-04,10968.479166666666,69.0
2015-06-05,11023.666666666666,62.5
2015-06-06,9501.9875,61.5
2015-06-07,9159.008333333331,68.0
2015-06-08,11618.666666666666,72.5
2015-06-09,12169.695833333331,72.5
2015-06-10,13756.775,80.0
2015-06-11,12883.883333333331,65.0
2015-06-12,11778.220833333333,61.5
2015-06-13,9891.5,71.0
2015-06-14,10465.595833333333,75.5
2015-06-15,12736.5625,74.0
2015-06-16,12152.295833333334,64.0
2015-06-17,11008.2,64.0
2015-06-18,11971.291666666666,68.5
2015-06-19,11113.091666666667,60.5
2015-06-20,10404.433333333332,65.5
2015-06-21,11075.716666666667,75.5
2015-06-22,13514.741666666669,74.5
2015-06-23,13672.254166666668,72.5
2015-06-24,12594.908333333333,69.5
2015-06-25,12311.058333333332,70.0
2015-06-26,11339.679166666669,62.5
2015-06-27,9991.758333333331,66.0
2015-06-28,9595.075,66.5
2015-06-29,11102.3625,69.5
2015-06-30,11582.933333333332,67.0
2015-07-01,10970.3375,61.5
2015-07-02,10573.0375,61.0
2015-07-03,10151.533333333333,66.0
2015-07-04,10177.170833333334,70.0
2015-07-05,10830.970833333333,71.5
2015-07-06,13406.766666666666,74.5
2015-07-07,12493.029166666667,63.0
2015-07-08,10598.633333333331,60.5
2015-07-09,10698.654166666667,67.5
2015-07-10,11199.658333333333,71.0
2015-07-11,10919.408333333333,69.5
2015-07-12,11052.55,76.0
2015-07-13,13526.366666666669,77.0
2015-07-14,13958.508333333331,72.0
2015-07-15,11769.545833333334,67.0
2015-07-16,11346.229166666666,66.5
2015-07-17,13567.770833333334,81.5
2015-07-18,14654.1375,81.0
2015-07-19,13596.633333333331,75.0
2015-07-20,13633.091666666667,74.0
2015-07-21,13127.4625,73.5
2015-07-22,12740.8,73.5
2015-07-23,13170.358333333334,74.0
2015-07-24,13707.9375,74.0
2015-07-25,13617.625,80.0
2015-07-26,12623.754166666668,72.0
2015-07-27,14340.358333333334,77.5
2015-07-28,15221.354166666666,79.0
2015-07-29,15773.833333333334,79.0
2015-07-30,14629.625,76.5
2015-07-31,14415.525,77.0
2015-08-01,12702.933333333332,75.5
2015-08-02,12905.983333333334,79.0
2015-08-03,13870.7125,74.5
2015-08-04,13002.216666666667,71.5
2015-08-05,13004.283333333333,71.5
2015-08-06,13125.883333333331,73.5
2015-08-07,12980.991666666669,73.0
2015-08-08,12461.491666666669,75.0
2015-08-09,11289.525,73.5
2015-08-10,13006.004166666668,76.0
2015-08-11,13276.641666666666,73.5
2015-08-12,12643.141666666666,71.0
2015-08-13,13371.133333333331,75.0
2015-08-14,14513.554166666669,78.5
2015-08-15,14164.2375,79.5
2015-08-16,14151.825,80.0
2015-08-17,15510.370833333332,78.0
2015-08-18,14543.508333333331,76.0
2015-08-19,13192.066666666668,75.0
2015-08-20,11638.854166666666,73.0
2015-08-21,11628.141666666666,73.5
2015-08-22,11490.0375,70.5
2015-08-23,10715.704166666666,70.5
2015-08-24,11213.2375,65.0
2015-08-25,10959.870833333332,66.5
2015-08-26,10857.508333333331,61.5
2015-08-27,10853.020833333334,63.5
2015-08-28,11224.979166666666,64.0
2015-08-29,10552.916666666666,66.5
2015-08-30,10335.883333333331,69.5
2015-08-31,12538.370833333332,72.5
2015-09-02,15355.295,81.0
2015-09-03,15720.970833333333,81.0
2015-09-04,14972.9875,76.5
2015-09-05,13547.591666666667,78.0
2015-09-06,13598.179166666669,77.5
2015-09-07,13624.945833333331,82.0
2015-09-08,14092.525,74.5
2015-09-09,12717.779166666667,67.5
2015-09-10,11449.775,64.0
2015-09-11,10731.295833333334,60.5
2015-09-12,9307.879166666668,56.5
2015-09-13,8600.433333333332,57.5
2015-09-14,10188.220833333333,49.5
2015-09-15,11290.4875,47.5
2015-09-16,11800.145833333334,44.0
2015-09-17,12550.870833333332,43.5
2015-09-18,12719.429166666669,39.0
2015-09-19,10385.545833333334,32.5
2015-09-20,8982.391666666666,25.5
2015-09-21,10293.770833333334,17.0
2015-09-22,10720.991666666669,31.0
2015-09-23,11034.616666666669,27.0
2015-09-24,11141.4625,21.5
2015-09-25,11152.116666666669,39.0
2015-09-26,10234.120833333332,39.5
2015-09-27,9664.233333333334,41.0
2015-09-28,11495.516666666666,35.0
2015-09-29,11310.795833333334,33.5
2015-09-30,10371.404166666667,41.5
2015-10-01,10207.966666666667,55.5
2015-10-02,10068.016666666666,55.5
2015-10-03,9204.1875,51.0
2015-10-04,8718.575,53.5
2015-10-05,9944.475,56.5
2015-10-06,10433.325,57.5
2015-10-07,10517.662790697674,53.0
2015-10-08,10554.89903846154,47.5
2015-10-09,10310.661016949152,50.5
2015-10-10,9200.5875,50.5
2015-10-11,8676.2875,60.5
2015-10-12,10113.0375,64.0
2015-10-13,10114.05,55.0
2015-10-14,10120.716666666667,51.5
2015-10-15,10103.245833333332,49.5
2015-10-16,10065.279166666667,47.0
2015-10-17,9374.2375,50.0
2015-10-18,8750.779166666667,44.0
2015-10-19,9987.908333333333,50.0
2015-10-20,10290.366666666669,41.5
2015-10-21,10385.5375,51.5
2015-10-22,10306.85,49.5
2015-10-23,10158.220833333333,51.5
2015-10-24,9464.233333333334,57.0
2015-10-25,8563.966666666667,62.5
2015-10-26,9803.075,57.5
2015-10-27,10151.695833333331,64.5
2015-10-28,10216.216666666667,64.5
2015-10-29,10476.116666666669,41.5
2015-11-01,8629.954716981132,53.5
2015-11-02,9954.208333333334,59.5
2015-11-03,10237.933333333332,57.0
2015-11-04,10287.2,59.5
2015-11-05,10398.15,64.5
2015-11-06,10231.529166666667,53.0
2015-11-07,9515.7625,44.0
2015-11-08,9015.775,40.0
2015-11-09,10096.6,42.5
2015-11-10,10351.658333333333,44.0
2015-11-11,10437.520833333334,49.5
2015-11-12,10448.891666666666,49.0
2015-11-13,10441.391666666666,39.5
2015-11-14,9647.441666666668,41.0
2015-11-15,8757.841666666667,54.0
2015-11-16,9905.8125,50.0
2015-11-17,10404.55,54.0
2015-11-18,10430.783333333333,54.5
2015-11-19,10408.820833333331,41.0
2015-11-20,10705.45,35.5
2015-11-21,10378.9875,49.5
2015-11-22,10432.979166666666,44.0
2015-11-23,11431.3125,43.0
2015-11-24,11421.229166666666,39.5
2015-11-25,11064.6875,37.5
2015-11-26,9670.145833333334,39.5
2015-11-27,9592.1125,40.0
2015-11-28,9714.775,42.5
2015-11-29,9553.629166666668,33.0
2015-12-01,10954.404166666667,40.0
2015-12-02,11293.0625,34.5
2015-12-03,11594.229166666666,32.5
2015-12-04,11364.479166666666,39.5
2015-12-05,10404.004166666668,37.5
2015-12-06,9819.7875,37.0
2015-12-07,10985.7625,33.0
2015-12-08,11215.266666666666,42.5
2015-12-09,11029.141666666666,46.0
2015-12-10,10933.45,49.0
2015-12-11,10744.754166666668,46.0
2015-12-12,9908.758333333331,52.0
2015-12-13,9180.654166666667,54.5
2015-12-14,10245.479166666666,51.5
2015-12-15,10923.166666666666,41.0
2015-12-16,11043.804166666669,44.0
2015-12-17,11507.104166666666,31.5
2015-12-18,11857.333333333334,28.0
2015-12-19,11280.425,22.5
2015-12-20,10474.825,36.5
2015-12-21,10982.1375,46.5
2015-12-22,11070.891666666666,38.0
2015-12-23,10883.883333333331,49.5
2015-12-24,10337.120833333332,38.0
2015-12-25,9322.804166666669,38.0
2015-12-26,9436.833333333334,39.5
2015-12-27,9634.2125,37.5
2015-12-28,11181.3875,35.0
2015-12-29,11427.8375,34.0
2015-12-30,11599.125,28.0
2015-12-31,11443.154166666667,25.0
2016-01-01,10973.05487804878,25.0
2016-01-02,10484.704545454546,26.0
2016-01-03,10393.7,25.5
2016-01-04,11417.3375,26.5
2016-01-05,11872.295833333334,25.0
2016-01-06,11842.879166666668,28.5
2016-01-07,11528.733333333334,37.5
2016-01-08,11144.591666666667,39.0
2016-01-09,10447.2875,31.5
2016-01-10,10824.145833333334,12.5
2016-01-11,12785.745833333332,11.5
2016-01-12,12927.0,11.5
2016-01-13,13325.566666666668,11.5
2016-01-14,12278.25,34.0
2016-01-15,11485.616666666669,36.5
2016-01-16,10998.929166666669,19.5
2016-01-17,11578.125,3.5
2016-01-18,13259.379166666668,1.5
2016-01-19,13482.508333333331,8.5
2016-01-20,13001.541666666666,17.5
2016-01-21,12560.0875,19.0
2016-01-22,12327.325,24.5
2016-01-23,11364.2,26.5
2016-01-24,10597.0,29.0
2016-01-25,11504.183333333332,32.5
2016-01-26,11860.054166666669,30.0
2016-01-27,12097.266666666666,28.5
2016-01-28,11797.225,34.0
2016-01-29,11742.458333333334,27.5
2016-01-30,10752.370833333332,40.5
2016-01-31,9821.591666666667,40.5
2016-02-01,10954.4125,37.5
2016-02-02,11489.408333333333,35.0
2016-02-03,11500.716666666667,32.5
2016-02-04,11813.675,25.5
2016-02-05,11750.1125,29.5
2016-02-06,10929.5,32.5
2016-02-07,10007.295833333334,37.5
2016-02-08,11182.466666666667,26.0
2016-02-09,12160.0625,17.0
2016-02-10,12668.129166666668,13.5
2016-02-11,12759.8875,14.0
2016-02-12,12565.354166666666,15.0
2016-02-13,12247.875,9.5
2016-02-14,11613.6375,13.5
2016-02-15,12078.291666666666,22.5
2016-02-16,11930.579166666666,28.5
2016-02-17,11767.158333333333,27.5
2016-02-18,11772.3125,32.5
2016-02-19,11099.954166666666,51.5
2016-02-20,9836.920833333334,47.5
2016-02-21,9326.754166666668,35.0
2016-02-22,10823.991666666669,35.0
2016-02-23,11151.320833333331,35.5
2016-02-24,11450.816666666668,34.0
2016-02-25,11482.3875,34.0
2016-02-26,11420.329166666666,28.5
2016-02-27,10444.55,41.0
2016-02-28,9350.508333333331,49.0
2016-02-29,10342.891666666666,40.0
2016-03-01,11393.408333333333,24.0
2016-03-02,11941.7625,21.5
2016-03-03,11765.170833333334,30.0
2016-03-04,11476.316666666668,29.5
2016-03-05,10581.929166666669,34.0
2016-03-06,9763.491666666669,42.5
2016-03-07,10457.166666666666,53.5
2016-03-08,10478.145833333334,64.0
2016-03-09,10320.379166666668,55.5
2016-03-10,10238.820833333331,44.0
2016-03-11,10338.270833333334,44.5
2016-03-12,9648.820833333331,46.0
2016-03-13,9169.1375,45.5
2016-03-14,10224.133333333331,49.0
2016-03-15,10413.566666666668,52.0
2016-03-16,10284.9,50.5
2016-03-17,10340.008333333331,48.0
2016-03-18,10414.841666666667,40.5
2016-03-19,9761.695833333331,40.5
2016-03-20,9293.725,37.0
2016-03-21,10284.995833333332,38.5
2016-03-22,10386.358333333334,51.5
2016-03-23,10411.641666666666,39.0
2016-03-24,10687.041666666666,34.5
2016-03-25,10581.366666666669,38.0
2016-03-26,9379.179166666669,42.5
2016-03-27,8704.954166666666,49.5
2016-03-28,9890.075,44.0
2016-03-29,10256.066666666668,44.5
2016-03-30,10139.495833333332,52.0
2016-03-31,10090.608333333334,55.5
2016-04-01,10068.708333333334,42.0
2016-04-02,9638.720833333333,33.5
2016-04-03,9219.908333333333,48.5
2016-04-04,10204.345833333333,33.5
2016-04-05,10814.404166666667,34.5
2016-04-06,10533.295833333334,45.0
2016-04-07,10514.2,37.0
2016-04-08,10625.225,33.5
2016-04-09,10156.679166666669,30.0
2016-04-10,9487.2875,41.5
2016-04-11,10108.058333333332,43.5
2016-04-12,10544.7375,38.5
2016-04-13,10464.729166666666,45.0
2016-04-14,10294.941666666668,49.0
2016-04-15,10065.316666666668,55.0
2016-04-16,9199.2,58.5
2016-04-17,8632.1625,62.0
2016-04-18,10105.854166666666,66.0
2016-04-19,10196.325,51.5
2016-04-20,10110.079166666666,61.0
2016-04-21,10224.9375,60.0
2016-04-22,9923.7875,47.5
2016-04-23,9060.858333333334,49.0
2016-04-24,8545.266666666666,59.5
2016-04-25,10077.583333333334,70.5
2016-04-26,10206.695833333331,55.0
2016-04-27,10178.75,45.0
2016-04-28,10183.2625,46.0
2016-04-29,10085.620833333332,46.0
2016-04-30,9225.145833333334,45.5
2016-05-01,8733.558333333332,45.5
2016-05-02,9834.8375,50.5
2016-05-03,10047.6,53.5
2016-05-04,10037.004166666668,49.5
2016-05-05,10074.3625,51.0
2016-05-06,10019.566666666668,62.0
2016-05-07,9252.583333333334,57.0
2016-05-08,8449.954166666666,56.0
2016-05-09,9630.916666666666,54.0
2016-05-10,9981.470833333333,57.0
2016-05-11,10145.533333333333,60.0
2016-05-12,10308.1625,61.5
2016-05-13,9991.054166666669,54.5
2016-05-14,9072.9375,44.0
2016-05-15,8538.129166666668,45.0
2016-05-16,9747.658333333333,58.0
2016-05-17,9969.045833333334,50.5
2016-05-18,10003.045833333334,53.0
2016-05-19,9963.2625,54.0
2016-05-20,9891.220833333333,56.0
2016-05-21,9103.583333333334,64.0
2016-05-22,8752.2625,65.0
2016-05-23,10322.941666666668,64.5
2016-05-24,11221.891666666666,73.0
2016-05-25,12578.704166666666,75.0
2016-05-26,13274.9875,72.5
2016-05-27,13286.716666666667,73.5
2016-05-28,11789.7375,72.5
2016-05-29,11066.370833333332,71.0
2016-05-30,11396.05,75.0
2016-06-01,12391.1375,70.5
2016-06-02,12128.979166666666,68.0
2016-06-03,11816.908333333333,69.5
2016-06-04,10964.866666666669,67.0
2016-06-05,9900.625,70.0
2016-06-06,11272.120833333332,70.5
2016-06-07,10856.7125,59.0
2016-06-08,10583.020833333334,61.0
2016-06-09,10770.983333333334,62.5
2016-06-10,12726.0,76.5
2016-06-11,14269.933333333332,81.0
2016-06-12,11569.191666666668,69.0
2016-06-13,12023.541666666666,69.0
2016-06-14,13341.4125,75.5
2016-06-15,14656.8875,79.0
2016-06-16,13973.541666666666,70.0
2016-06-17,12407.725,73.0
2016-06-18,12112.883333333331,72.5
2016-06-19,12665.375,75.5
2016-06-20,15390.895833333334,81.5
2016-06-21,14410.7375,74.0
2016-06-22,13020.783333333333,74.0
2016-06-23,12459.179166666669,73.5
2016-06-24,12361.95,72.0
2016-06-25,12846.533333333333,77.0
2016-06-26,13765.1875,81.0
2016-06-27,15053.791666666666,79.5
2016-06-28,12718.583333333334,64.0
2016-06-29,11406.145833333334,67.5
2016-06-30,11949.620833333332,77.0
2016-07-01,11503.033333333333,65.5
2016-07-02,9985.025,65.0
2016-07-03,9457.058333333332,66.0
2016-07-04,10334.020833333334,72.5
2016-07-05,12780.025,76.5
2016-07-06,14961.179166666669,77.5
2016-07-07,15093.479166666666,77.0
2016-07-08,14789.9625,72.5
2016-07-09,12376.629166666668,71.0
2016-07-10,11036.129166666668,71.0
2016-07-11,13812.216666666667,79.5
2016-07-12,16025.158333333333,80.0
2016-07-13,15909.620833333332,76.0
2016-07-14,15325.770833333334,77.5
2016-07-15,13158.245833333332,67.5
2016-07-16,11052.579166666666,67.0
2016-07-17,11078.0625,72.0
2016-07-18,14300.725,78.0
2016-07-19,15034.275,79.5
2016-07-20,15255.529166666667,78.5
2016-07-21,16660.658333333333,81.5
2016-07-22,16898.470833333333,81.0
2016-07-23,15964.954166666666,80.5
2016-07-24,14962.095833333333,82.0
2016-07-25,15673.295833333334,80.5
2016-07-26,15388.9125,80.5
2016-07-27,15437.804166666669,78.5
2016-07-28,14733.129166666668,77.0
2016-07-29,13347.1375,75.5
2016-07-30,11884.533333333333,73.0
2016-08-01,13074.558333333332,74.5
2016-08-02,14469.025,77.0
2016-08-03,15384.129166666668,79.5
2016-08-04,16147.4125,80.5
2016-08-05,15811.829166666666,79.0
2016-08-06,13244.983333333334,76.5
2016-08-07,11974.058333333332,73.5
2016-08-08,13602.579166666666,78.0
2016-08-09,14789.5875,77.5
2016-08-10,15852.541666666666,79.0
2016-08-11,16997.4375,82.5
2016-08-12,16779.945833333335,78.5
2016-08-13,14372.641666666666,76.5
2016-08-14,12946.0,76.0
2016-08-15,13769.2125,72.5
2016-08-16,14184.320833333331,73.5
2016-08-17,14971.270833333334,72.5
2016-08-18,15422.516666666666,76.5
2016-08-19,15321.091666666667,75.0
2016-08-20,13245.241666666669,71.5
2016-08-21,10561.4875,67.0
2016-08-22,11446.958333333334,68.5
2016-08-23,12433.883333333331,69.5
2016-08-24,13507.25,70.0
2016-08-25,14300.116666666669,69.0
2016-08-26,13419.429166666669,75.0
2016-08-27,12465.108333333334,71.0
2016-08-28,12699.6375,71.5
2016-08-29,14234.829166666666,71.0
2016-08-30,14491.154166666667,72.5
2016-09-01,11964.35,67.5
2016-09-03,10287.205,66.0
2016-09-04,10259.675,69.5
2016-09-05,12042.533333333333,74.5
2016-09-06,15252.720833333333,67.5
2016-09-07,16889.054166666665,65.0
2016-09-08,15706.929166666669,76.5
2016-09-09,14012.404166666667,77.5
2016-09-10,11678.583333333334,68.0
2016-09-11,9742.5,64.0
2016-09-12,11092.945833333331,63.5
2016-09-13,12119.8375,75.5
2016-09-14,12171.733333333334,72.5
2016-09-15,11728.654166666667,68.0
2016-09-16,12051.645833333334,71.0
2016-09-17,11722.354166666666,74.0
2016-09-18,10600.570833333331,70.5
2016-09-19,12311.629166666668,69.0
2016-09-20,13159.704166666666,72.0
2016-09-21,13064.045833333334,69.5
2016-09-22,13262.1375,69.5
2016-09-23,12929.8375,67.0
2016-09-24,11173.679166666669,62.5
2016-09-25,10464.208333333334,74.0
2016-09-26,10942.591666666667,75.5
2016-09-27,10402.904166666667,76.0
2016-09-28,10224.9375,69.5
2016-09-29,10290.558333333332,68.0
2016-10-01,9515.4625,60.5
2016-10-02,8874.279166666667,60.5
2016-10-03,10071.975,62.0
2016-10-04,10585.379166666668,67.5
2016-10-05,11122.1375,69.5
2016-10-06,11553.183333333332,66.0
2016-10-07,11109.241666666669,64.0
2016-10-08,9163.0,58.5
2016-10-09,8521.15,55.0
2016-10-10,9751.441666666668,58.0
2016-10-11,10269.495833333332,63.5
2016-10-12,10430.3375,57.0
2016-10-13,10065.758333333331,61.0
2016-10-14,9984.629166666668,63.5
2016-10-15,9248.3875,61.5
2016-10-16,9101.0625,64.0
2016-10-17,11067.45,60.0
2016-10-18,11581.654166666667,59.0
2016-10-19,10399.054166666669,62.5
2016-10-20,10067.870833333332,63.5
2016-10-21,9991.9625,62.5
2016-10-22,9213.370833333332,63.5
2016-10-23,8566.945833333333,64.5
2016-10-24,9620.320833333331,65.5
2016-10-25,10081.666666666666,64.5
2016-10-26,10308.466666666667,66.5
2016-10-27,10252.195833333331,64.5
2016-10-28,10171.75,65.5
2016-10-29,9376.795833333334,48.5
2016-10-30,8794.0,49.5
2016-11-01,10432.95,68.0
2016-11-02,10496.25,60.0
2016-11-03,10180.804166666669,57.5
2016-11-04,9989.629166666668,51.5
2016-11-05,9173.275,55.5
2016-11-06,8416.666666666666,54.0
2016-11-07,9750.4875,55.5
2016-11-08,10186.704166666666,58.5
2016-11-09,10264.308333333332,56.5
2016-11-10,10265.758333333331,58.0
2016-11-11,10170.279166666667,53.5
2016-11-12,9567.704166666666,58.0
2016-11-13,9019.820833333331,47.5
2016-11-14,10000.8,52.5
2016-11-15,10268.883333333331,53.5
2016-11-16,10273.320833333331,48.5
2016-11-17,10296.891666666666,49.0
2016-11-18,10195.970833333333,47.5
2016-11-19,9676.758333333331,45.5
2016-11-20,9664.2,40.5
2016-11-21,10894.425,40.0
2016-11-22,11191.529166666667,48.5
2016-11-23,10992.929166666669,47.5
2016-11-24,9884.845833333333,46.0
2016-11-25,9752.804166666669,52.0
2016-11-26,9695.529166666667,51.5
2016-11-27,9260.1875,46.0
2016-11-28,10496.945833333331,50.5
2016-11-29,10594.5375,46.0
2016-11-30,10668.629166666668,39.5
2016-12-01,10992.639344262296,38.0
2016-12-02,11078.989130434782,37.0
2016-12-03,10639.849056603774,31.5
2016-12-04,10190.75,30.0
2016-12-05,11194.854166666666,32.5
2016-12-06,11485.520833333334,33.0
2016-12-07,11891.979166666666,24.5
2016-12-08,12339.9375,20.5
2016-12-09,12319.166666666666,21.5
2016-12-10,11685.4375,20.5
2016-12-11,10971.291666666666,28.0
2016-12-12,11850.666666666666,19.5
2016-12-13,12718.020833333334,12.0
2016-12-14,13462.979166666666,11.0
2016-12-15,14024.958333333334,3.5
2016-12-16,13521.979166666666,13.5
2016-12-17,11931.166666666666,20.0
2016-12-18,12090.645833333334,5.5
2016-12-19,13820.270833333334,1.0
2016-12-20,13218.0,21.0
2016-12-21,12506.770833333334,27.5
2016-12-22,11993.5625,30.5
2016-12-23,11718.833333333334,31.0
2016-12-24,10732.354166666666,35.5
2016-12-25,10039.8125,35.5
2016-12-26,10075.375,41.0
2016-12-27,10979.0625,23.5
2016-12-28,11489.020833333334,32.0
2016-12-29,11448.583333333334,32.5
2016-12-30,11538.75,31.0
2016-12-31,10651.479166666666,31.5
2017-01-01,9876.619047619048,28.5
2017-01-02,10376.302325581397,32.5
2017-01-03,11037.791666666666,29.0
2017-01-04,12219.2,13.0
2017-01-05,12904.933333333332,8.0
2017-01-06,13305.016666666666,4.5
2017-01-07,12633.054166666669,9.0
2017-01-08,11938.379166666668,10.5
2017-01-09,12378.104166666666,26.0
2017-01-10,12071.329166666666,38.0
2017-01-11,11892.391666666666,34.0
2017-01-12,12041.616666666669,23.5
2017-01-13,12431.679166666669,21.5
2017-01-14,11536.595833333333,28.0
2017-01-15,10730.166666666666,28.0
2017-01-16,11487.7875,33.5
2017-01-17,11588.975,37.0
2017-01-18,11526.466666666667,33.0
2017-01-19,11419.608333333334,36.0
2017-01-20,11188.0125,40.5
2017-01-21,10154.983333333334,49.5
2017-01-22,9493.95,42.0
2017-01-23,10809.166666666666,39.0
2017-01-24,11272.270833333334,36.0
2017-01-25,11385.720833333333,38.0
2017-01-26,11570.6625,32.0
2017-01-27,11825.629166666668,27.5
2017-01-28,11267.5125,26.5
2017-01-29,10737.7625,24.5
2017-01-30,11965.108333333334,26.0
2017-01-31,11876.7875,37.0
2017-02-01,11685.558333333332,29.5
2017-02-02,12215.1875,19.0
2017-02-03,12433.9125,21.0
2017-02-04,11582.9625,21.5
2017-02-05,10478.616666666669,31.0
2017-02-06,11119.925,38.0
2017-02-07,10993.570833333331,41.0
2017-02-08,11545.666666666666,25.5
2017-02-09,12324.508333333331,19.0
2017-02-10,11984.720833333333,29.5
2017-02-11,10403.125,41.5
2017-02-12,9669.783333333333,39.0
2017-02-13,10887.8625,34.5
2017-02-14,11166.6375,40.5
2017-02-15,11375.466666666667,30.5
2017-02-16,11447.5625,35.5
2017-02-17,10879.041666666666,47.0
2017-02-18,9582.383333333331,55.0
2017-02-19,8839.558333333332,52.0
2017-02-20,9849.754166666668,55.5
2017-02-21,10258.166666666666,57.5
2017-02-22,10282.933333333332,59.0
2017-02-23,10217.741666666669,48.5
2017-02-24,10514.845833333333,36.5
2017-02-25,10316.133333333331,28.0
2017-02-26,9984.779166666667,35.0
2017-02-27,10498.6125,40.5
2017-02-28,10601.641666666666,53.5
2017-03-01,10615.845833333333,43.0
2017-03-02,11109.104166666666,31.0
2017-03-03,11310.429166666669,27.0
2017-03-04,10496.591666666667,35.0
2017-03-05,9663.541666666666,46.0
2017-03-06,10209.620833333332,58.5
2017-03-07,10309.554166666669,54.5
2017-03-08,10389.05,46.5
2017-03-09,10670.675,35.5
2017-03-10,11096.2125,29.5
2017-03-11,10857.254166666668,25.0
2017-03-12,10313.9,27.0
2017-03-13,11222.833333333334,29.0
2017-03-14,11716.279166666667,23.5
2017-03-15,11942.045833333334,24.5
2017-03-16,11601.995833333332,30.0
2017-03-17,11104.4,43.0
2017-03-18,9913.5,38.5
2017-03-19,9228.9125,41.0
2017-03-20,10077.683333333332,45.5
2017-03-21,10381.820833333331,43.5
2017-03-22,10970.145833333334,32.5
2017-03-23,11108.775,39.5
2017-03-24,10405.954166666666,62.0
2017-03-25,9498.2875,44.0
2017-03-26,8806.008333333333,54.5
2017-03-27,9937.166666666666,47.0
2017-03-28,10287.270833333334,43.0
2017-03-29,10487.8125,42.0
2017-03-30,10626.075,42.0
2017-03-31,10639.054166666669,40.0
2017-04-01,9748.033472803349,46.5
2017-04-02,8809.401673640168,51.5
2017-04-03,9902.782426778243,50.0
2017-04-04,10292.18410041841,49.5
2017-04-05,10583.376569037657,43.5
2017-04-06,10758.707112970713,44.5
2017-04-07,10475.083682008368,45.5
2017-04-08,9359.694560669455,52.5
2017-04-09,8678.217573221757,67.0
2017-04-10,10028.435146443517,59.5
2017-04-11,10002.87029288703,47.5
2017-04-12,10114.322175732215,48.5
2017-04-13,10161.774058577406,52.0
2017-04-14,9849.694560669455,56.5
2017-04-15,9322.71129707113,71.5
2017-04-16,8909.652719665271,62.5
2017-04-17,9634.276150627617,56.5
2017-04-18,10064.171548117154,58.5
2017-04-19,10179.531380753138,57.5
2017-04-20,10085.807531380751,60.5
2017-04-21,9796.669456066946,48.5
2017-04-22,8985.807531380753,49.0
2017-04-23,8353.493723849373,54.5
2017-04-24,9482.142259414226,56.5
2017-04-25,10076.10878661088,65.5
2017-04-26,10529.983263598326,67.0
2017-04-27,10018.757322175732,51.5
2017-04-28,9759.861924686193,50.0
2017-04-29,9190.648535564853,43.0
2017-04-30,8869.18410041841,44.5
2017-05-01,9875.615062761506,51.0
2017-05-02,10169.794979079496,46.0
2017-05-03,10088.3640167364,45.5
2017-05-04,10014.627615062762,48.5
2017-05-05,9822.83682008368,51.0
2017-05-06,8939.887029288702,51.0
2017-05-07,8383.782426778243,47.5
2017-05-08,9595.426778242678,45.5
2017-05-09,10069.648535564853,51.5
2017-05-10,10030.083682008368,55.5
2017-05-11,9965.05439330544,57.0
2017-05-12,9850.57740585774,59.0
2017-05-13,9080.518828451884,64.5
2017-05-14,8652.167364016736,61.0
2017-05-15,9969.046025104602,66.0
2017-05-16,11750.376569037657,74.0
2017-05-17,13013.987447698744,63.0
2017-05-18,12679.828451882846,63.0
2017-05-19,10259.774058577406,46.5
2017-05-20,9250.506276150629,64.0
2017-05-21,8463.142259414226,58.0
2017-05-22,9625.037656903763,60.5
2017-05-23,10091.78661087866,63.0
2017-05-24,9979.6820083682,57.5
2017-05-25,9960.849372384935,61.5
2017-05-26,9946.958158995816,66.5
2017-05-27,9295.280334728031,57.5
2017-05-28,8816.757322175732,66.0
2017-05-29,9666.100418410042,60.0
2017-05-30,10100.205020920504,66.0
2017-05-31,10183.259414225942,63.0
2017-06-01,10414.2125,66.0
2017-06-02,11039.506276150629,69.5
2017-06-03,10996.502092050208,70.5
2017-06-04,11695.89539748954,67.0
2017-06-05,11858.41841004184,73.0
2017-06-06,10785.594142259415,71.5
2017-06-07,10738.376569037657,76.5
2017-06-08,11007.205020920504,67.5
2017-06-09,11989.255230125524,66.5
2017-06-10,12224.112970711298,77.0
2017-06-11,13159.016736401674,82.0
2017-06-12,15504.23849372385,84.0
2017-06-13,16357.18410041841,75.0
2017-06-14,15936.301255230126,70.5
2017-06-15,15151.23849372385,74.0
2017-06-16,14565.3179916318,69.5
2017-06-17,13269.81589958159,74.0
2017-06-18,11750.033472803349,78.0
2017-06-19,11830.439330543932,79.5
2017-06-20,11486.740585774058,78.0
2017-06-21,11555.615062761506,78.5
2017-06-22,13739.31380753138,75.0
2017-06-23,13815.698744769874,74.5
2017-06-24,10968.811715481172,79.0
2017-06-25,9185.506276150629,79.0
2017-06-26,10164.276150627617,72.5
2017-06-27,10608.280334728031,64.5
2017-06-28,11179.92468619247,73.0
2017-06-29,12818.68619246862,74.5
2017-06-30,12964.55230125523,78.5
2017-07-01,11836.319327731091,74.0
2017-07-02,11424.008368200835,75.5
2017-07-03,12594.34309623431,73.0
2017-07-04,11088.430962343096,73.5
2017-07-05,12781.497907949792,77.0
2017-07-06,14575.037656903763,81.0
2017-07-07,14680.97489539749,81.5
2017-07-08,11628.037656903763,72.5
2017-07-09,11062.179916317991,71.5
2017-07-10,13347.334728033473,76.0
2017-07-11,14196.65690376569,76.0
2017-07-12,14936.953974895398,74.5
2017-07-13,14889.794979079496,78.5
2017-07-14,12849.414225941422,79.5
2017-07-15,11300.31380753138,80.0
2017-07-16,10722.083682008368,68.0
2017-07-17,11365.380753138075,70.5
2017-07-18,12561.573221757322,69.0
2017-07-19,14517.928870292886,74.5
2017-07-20,15313.41841004184,76.0
2017-07-21,15205.857740585774,77.5
2017-07-22,14343.485355648536,70.0
2017-07-23,13644.619246861925,75.5
2017-07-24,12812.6359832636,80.0
2017-07-25,12331.774058577406,75.0
2017-07-26,13508.401673640168,74.0
2017-07-27,14257.230125523012,76.0
2017-07-28,13060.669456066946,74.5
2017-07-29,11360.878661087869,73.0
2017-07-30,10954.284518828452,73.5
2017-07-31,13041.07531380753,75.5
2017-08-01,13868.411764705885,76.5
2017-08-02,14101.6,76.5
2017-08-03,13776.083333333334,72.5
2017-08-04,11631.979166666666,62.0
2017-08-05,10194.45,70.0
2017-08-06,9800.325,71.0
2017-08-07,11028.95,68.5
2017-08-08,11604.7125,71.0
2017-08-09,12401.5625,69.5
2017-08-10,12915.1375,73.0
2017-08-11,12693.85,75.5
2017-08-12,10871.791666666666,71.5
2017-08-13,10037.904166666667,68.5
2017-08-14,11926.15,71.5
2017-08-15,13237.766666666666,74.0
2017-08-16,13486.929166666669,77.5
2017-08-17,14225.1125,77.5
2017-08-18,13354.6375,80.5
2017-08-19,12163.195833333331,74.5
2017-08-20,12091.7625,83.0
2017-08-21,14316.945833333331,79.0
2017-08-22,13986.495833333332,72.0
2017-08-23,11941.1875,69.5
2017-08-24,11284.729166666666,65.5
2017-08-25,10828.8375,68.5
2017-08-26,10105.295833333334,70.0
2017-08-27,9750.041666666666,66.5
2017-08-28,11225.041666666666,72.0
2017-08-29,11552.3,68.5
2017-09-01,10691.936974789916,59.5
2017-09-02,9499.1125,62.5
2017-09-04,10335.105,67.0
2017-09-05,10597.145833333334,62.0
2017-09-06,10133.329166666666,58.0
2017-09-07,10088.054166666669,61.5
2017-09-08,10073.629166666668,63.5
2017-09-09,9224.154166666667,66.5
2017-09-10,8654.729166666666,60.5
2017-09-11,10046.491666666669,63.5
2017-09-12,10533.354166666666,63.5
2017-09-13,10854.195833333331,61.0
2017-09-14,10950.441666666668,67.0
2017-09-15,11957.920833333334,58.5
2017-09-16,12160.991666666669,61.5
2017-09-17,11665.683333333332,66.5
2017-09-18,11570.254166666668,67.5
2017-09-19,11886.2375,65.5
2017-09-20,12971.729166666666,61.5
2017-09-21,14928.820833333331,60.0
2017-09-22,15699.966666666667,58.5
2017-09-23,14529.195833333331,61.5
2017-09-24,13493.6625,63.0
2017-09-25,14524.245833333332,58.5
2017-09-26,14614.158333333333,61.0
2017-09-27,12434.3,56.5
2017-09-28,10758.329166666666,59.0
2017-09-29,10432.108333333334,57.0
2017-10-01,8623.079166666666,60.0
2017-10-02,10418.120833333332,70.5
2017-10-03,11789.241666666669,72.5
2017-10-04,11926.566666666668,67.0
2017-10-05,10680.620833333332,65.5
2017-10-06,10687.895833333334,64.5
2017-10-07,10147.583333333334,69.5
2017-10-08,9214.5125,66.0
2017-10-09,10483.4875,66.5
2017-10-10,10589.383333333331,60.5
2017-10-11,10279.954166666666,59.0
2017-10-12,10169.329166666666,58.0
2017-10-13,10164.295833333334,54.5
2017-10-14,9521.183333333332,57.5
2017-10-15,8834.666666666666,60.0
2017-10-16,9735.445833333331,59.5
2017-10-17,10046.516666666666,58.0
2017-10-18,10154.0,55.5
2017-10-19,10161.791666666666,53.5
2017-10-20,10214.995833333332,60.5
2017-10-21,9540.433333333332,54.0
2017-10-22,8959.529166666667,57.0
2017-10-23,9752.279166666667,58.5
2017-10-24,10232.291666666666,46.0
2017-10-25,10426.0375,45.5
2017-10-26,10387.1625,48.0
2017-10-27,10390.095833333333,41.5
2017-10-28,9847.379166666668,43.0
2017-10-29,9333.883333333331,39.5
2017-11-01,10906.45,40.0
2017-11-02,10577.125,47.5
2017-11-03,10317.0,43.0
2017-11-04,9669.275,46.0
2017-11-05,8965.004255319149,47.0
2017-11-06,10252.0625,37.5
2017-11-07,10793.4375,38.5
2017-11-08,10912.204166666666,37.5
2017-11-09,10990.245833333332,33.5
2017-11-10,11708.145833333334,24.0
2017-11-11,10980.158333333333,32.0
2017-11-12,9979.183333333332,38.0
2017-11-13,10910.454166666666,43.0
2017-11-14,11104.729166666666,39.5
2017-11-15,10815.141666666666,35.5
2017-11-16,10996.15,43.5
2017-11-17,11106.841666666667,35.5
2017-11-18,10259.304166666669,41.5
2017-11-19,9940.575,33.5
2017-11-20,10990.7625,36.5
2017-11-21,11222.1,41.5
2017-11-22,11511.575,44.5
2017-11-23,10135.575,37.5
2017-11-24,9454.891666666666,32.5
2017-11-25,9278.25,30.5
2017-11-26,9333.391666666666,32.0
2017-11-27,10352.845833333333,28.5
2017-11-28,10560.458333333334,26.5
2017-11-29,10717.933333333332,39.5
2017-11-30,10779.654166666667,42.5
2017-12-01,10813.820833333331,40.5
2017-12-02,9977.904166666667,43.5
2017-12-03,9359.8875,43.5
2017-12-04,10315.8125,54.5
2017-12-05,10931.958333333334,35.5
2017-12-06,11591.379166666668,30.5
2017-12-07,12077.920833333334,24.0
2017-12-08,12373.641666666666,27.5
2017-12-09,11315.254166666668,26.0
2017-12-10,10792.025,27.5
2017-12-11,11746.820833333331,31.0
2017-12-12,12307.787330316742,24.0
2017-12-13,12461.652777777776,30.0
2017-12-14,12215.846808510638,21.5
2017-12-15,12244.375,29.0
2017-12-16,10922.170833333334,36.5
2017-12-17,10105.5875,35.5
2017-12-18,10992.316666666668,42.5
2017-12-19,11126.7625,42.5
2017-12-20,11450.620833333332,32.0
2017-12-21,11699.566666666668,36.0
2017-12-22,11023.108333333334,36.0
2017-12-23,10692.333333333334,26.0
2017-12-24,10778.720833333333,20.0
2017-12-25,10705.891666666666,11.5
2017-12-26,12242.220833333333,1.0
2017-12-27,13152.483333333334,1.5
2017-12-28,13288.391666666666,7.5
2017-12-29,12825.791666666666,12.0
2017-12-30,12200.691666666668,7.0
2017-12-31,11955.85,6.0
2018-01-01,12294.466666666667,-4.0
2018-01-02,13401.925,-0.5
2018-01-03,13610.370833333332,11.5
2018-01-04,13567.670833333334,6.0
2018-01-05,13640.3375,5.0
2018-01-06,13023.841666666667,7.5
2018-01-07,11959.575,20.5
2018-01-08,11905.704166666666,34.0
2018-01-09,11919.4125,31.0
2018-01-10,11732.991666666669,43.0
2018-01-11,11042.595833333333,41.0
2018-01-12,11904.8625,18.5
2018-01-13,12073.9625,11.0
2018-01-14,11816.116666666669,13.0
2018-01-15,12078.804166666669,17.0
2018-01-16,13212.524886877827,17.5
2018-01-17,13117.055555555557,12.0
2018-01-18,12771.770212765958,24.0
2018-01-19,12230.5125,34.0
2018-01-20,10914.1875,38.5
2018-01-21,10032.9125,40.0
2018-01-22,10876.620833333332,46.0
2018-01-23,11376.108333333334,33.5
2018-01-24,11887.129166666668,28.5
2018-01-25,11814.933333333332,33.5
2018-01-26,11364.804166666669,42.0
2018-01-27,10258.345833333333,43.0
2018-01-28,9967.045833333334,34.0
2018-01-29,11563.745833333332,23.5
2018-01-30,12260.195833333331,23.0
2018-01-31,11861.791666666666,36.5
2018-02-01,11952.420833333334,21.5
2018-02-02,12882.433333333332,13.5
2018-02-03,11756.508333333331,31.5
2018-02-04,10914.9875,19.5
2018-02-05,12696.891666666666,4.5
2018-02-06,12890.0375,12.0
2018-02-07,12662.7625,14.0
2018-02-08,12899.1125,14.0
2018-02-09,12401.65,23.0
2018-02-10,11627.270833333334,18.0
2018-02-11,11049.608333333334,16.5
2018-02-12,12161.108333333334,15.5
2018-02-13,12413.55,21.0
2018-02-14,11834.2,34.0
2018-02-15,11184.254166666668,43.0
2018-02-16,11223.416666666666,28.5
2018-02-17,11091.054166666669,26.0
2018-02-18,10194.579166666666,26.5
2018-02-19,10451.65,48.5
2018-02-20,10501.433333333332,50.0
2018-02-21,11103.99024390244,30.5
2018-02-22,11661.894444444444,34.5
2018-02-23,11319.622222222222,38.5
2018-02-24,10578.466666666667,41.5
2018-02-25,9877.172222222222,42.0
2018-02-26,10727.994444444445,41.5
2018-02-27,10807.711111111112,50.5
2018-02-28,10600.733333333334,48.0
2018-03-01,11041.666666666666,40.0
2018-03-02,11113.9,39.0
2018-03-03,10267.322222222225,38.0
2018-03-04,9575.505555555555,39.0
2018-03-05,10789.15,36.5
2018-03-06,11242.277777777776,36.0
2018-03-07,11624.211111111112,29.5
2018-03-08,11757.994444444445,29.0
2018-03-09,11505.19014084507,32.0
2018-03-10,11092.934782608696,32.0
2018-03-11,9914.436781609196,34.0
2018-03-12,11099.946808510638,38.0
2018-03-13,11470.815217391304,27.0
2018-03-14,11602.644444444444,35.0
2018-03-15,11108.555555555557,39.0
2018-03-16,11196.68888888889,33.5
2018-03-17,10332.922222222222,38.0
2018-03-18,9383.45,42.0
2018-03-19,10499.522222222222,39.5
2018-03-20,11170.85,33.0
2018-03-21,11370.211111111112,32.5
2018-03-22,11153.45,36.0
2018-03-23,10845.9,34.0
2018-03-24,10310.95,36.0
2018-03-25,9750.266666666666,34.0
2018-03-26,10642.666666666666,45.0
2018-03-27,10584.472222222224,45.0
2018-03-28,10429.883333333331,41.5
2018-03-29,10554.888888888889,41.0
2018-03-30,10310.45,41.0
2018-03-31,9581.655555555555,46.5
2018-04-01,9415.444444444443,29.5
2018-04-02,10690.277777777776,32.5
2018-04-03,10905.761111111113,37.0
2018-04-04,11234.916666666666,30.5
2018-04-05,11170.761111111113,32.5
2018-04-06,11091.022222222222,31.5
2018-04-07,10546.43888888889,29.5
2018-04-08,9787.116666666669,30.0
2018-04-09,10890.816666666668,34.5
2018-04-10,10961.222222222224,37.0
2018-04-11,10527.444444444443,52.5
2018-04-12,10193.533333333333,57.5
2018-04-13,10203.144444444444,43.0
2018-04-14,9809.005555555555,37.5
2018-04-15,9751.472222222224,32.5
2018-04-16,11250.144444444444,31.0
2018-04-17,11267.383333333331,36.0
2018-04-18,11179.455555555556,33.5
2018-04-19,11020.177777777775,43.0
2018-04-20,10467.755555555555,46.0
2018-04-21,9479.08888888889,47.0
2018-04-22,8829.672222222222,52.0
2018-04-23,9949.877777777778,53.0
2018-04-24,10230.077777777778,56.5
2018-04-25,10257.361111111111,45.5
2018-04-26,10230.755555555555,46.0
2018-04-27,9929.372222222222,51.5
2018-04-28,9304.494444444445,41.5
2018-04-29,8874.41111111111,45.0
2018-04-30,10032.377777777778,60.0
2018-05-01,10752.672222222222,73.0
2018-05-02,11611.1,74.5
2018-05-03,11747.983333333334,62.0
2018-05-04,10902.133333333331,67.5
2018-05-05,9882.344444444445,69.5
2018-05-06,8903.316666666668,59.0
2018-05-07,9874.133333333331,60.5
2018-05-08,10599.694444444443,69.0
2018-05-09,11023.68888888889,69.0
2018-05-10,10934.783333333333,61.5
2018-05-11,10134.255555555555,48.5
2018-05-12,9117.766666666666,47.0
2018-05-13,8533.144444444444,56.0
2018-05-14,10090.133333333331,68.0
2018-05-15,10628.072222222225,61.0
2018-05-16,10708.233333333334,63.0
2018-05-17,10896.361111111111,60.5
2018-05-18,10541.961111111112,58.5
2018-05-19,9435.444444444443,61.5
2018-05-20,8646.144444444444,49.5
2018-05-21,9987.177777777775,56.5
2018-05-22,10319.927777777775,60.5
2018-05-23,10821.65,66.0
2018-05-24,11408.638888888889,72.5
2018-05-25,13030.18888888889,78.0
2018-05-26,13126.261111111113,80.0
2018-05-27,13878.522222222222,83.5
2018-05-28,14601.444444444443,82.5
2018-05-29,15195.238888888887,76.5
2018-05-30,13473.56111111111,76.5
2018-05-31,14150.472222222224,79.0
2018-06-01,12918.127777777778,64.5
2018-06-02,10188.1,61.0
2018-06-03,9346.944444444443,69.0
2018-06-04,10766.883333333331,67.5
2018-06-05,11070.583333333334,63.0
2018-06-06,10834.288888888888,63.5
2018-06-07,11894.31111111111,70.5
2018-06-08,11811.727777777778,66.0
2018-06-09,11074.172222222222,69.5
2018-06-10,10379.033333333333,65.5
2018-06-11,10872.416666666666,65.5
2018-06-12,11781.527777777776,71.0
2018-06-13,12541.58888888889,72.5
2018-06-14,12620.983333333334,72.5
2018-06-15,13126.43888888889,76.5
2018-06-16,14540.6,80.5
2018-06-17,15215.738888888887,85.5
2018-06-18,16691.644444444446,80.5
2018-06-19,13747.505555555555,72.0
2018-06-20,11893.68888888889,71.0
2018-06-21,11827.18888888889,64.5
2018-06-22,11081.1,61.5
2018-06-23,10119.272222222222,72.5
2018-06-24,10472.744444444445,72.0
2018-06-25,11777.288888888888,69.5
2018-06-26,12383.694444444443,78.5
2018-06-27,12923.788888888888,74.5
2018-06-28,14196.18888888889,74.5
2018-06-29,16169.372222222222,87.0
2018-07-01,15886.0,85.0
2018-07-02,15419.788888888888,77.0
2018-07-03,15352.894444444444,76.0
2018-07-04,15485.06111111111,84.5
2018-07-05,16611.333333333332,83.0
2018-07-06,14040.15,69.5
2018-07-07,11560.75,70.5
2018-07-08,11449.4,75.5
2018-07-09,14679.91111111111,79.0
2018-07-10,15593.322222222225,79.0
2018-07-11,14796.7,77.0
2018-07-12,15146.166666666666,78.5
2018-07-13,15965.905555555555,83.5
2018-07-14,14802.06111111111,77.0
2018-07-15,13872.111111111111,81.5
2018-07-16,15450.505555555555,82.5
2018-07-17,14174.41111111111,74.5
2018-07-18,13037.933333333332,71.5
2018-07-19,13452.283333333333,77.0
2018-07-20,13340.75,74.0
2018-07-21,11875.394444444444,74.0
2018-07-22,11112.261111111113,71.5
2018-07-23,12786.433333333332,73.5
2018-07-24,13823.144444444444,71.5
2018-07-25,14549.388888888889,72.0
2018-07-26,14092.383333333331,73.5
2018-07-27,12613.227777777778,71.0
2018-07-28,11379.06111111111,71.5
2018-07-29,10960.18888888889,72.0
2018-07-30,12544.444444444443,73.0
2018-08-01,13180.327777777778,74.0
2018-08-02,13826.85,77.5
2018-08-03,13525.944444444443,78.0
2018-08-04,14503.361111111111,84.0
2018-08-05,14953.511111111113,84.5
2018-08-06,16036.733333333334,79.0
2018-08-07,14527.277777777776,81.5
2018-08-08,14025.466666666667,78.5
2018-08-09,14897.083333333334,75.5
2018-08-10,14594.983333333334,76.5
2018-08-11,13527.288888888888,78.5
2018-08-12,13398.45,78.5
2018-08-13,14864.783333333333,79.0
2018-08-14,15548.772222222222,80.0
2018-08-15,14798.66111111111,77.5
2018-08-16,14423.372222222222,77.5
2018-08-17,14353.572222222225,75.0
2018-08-18,13356.183333333332,72.5
2018-08-19,12693.722222222224,75.5
2018-08-20,13768.344444444445,70.5
2018-08-21,13395.2,68.5
2018-08-22,12338.888888888889,68.5
2018-08-23,12231.172222222222,69.5
2018-08-24,11927.127777777778,65.5
2018-08-25,12002.883333333331,69.0
2018-08-26,13635.516666666666,66.0
2018-08-27,16514.17777777778,63.5
2018-08-28,17251.422222222223,66.0
2018-08-29,14442.505555555555,70.5
2018-09-01,13093.816666666668,79.0
2018-09-02,13421.583333333334,80.5
2018-09-03,13596.855555555556,79.0
2018-09-05,15362.577464788732,80.0
2018-09-06,12706.5,66.5
2018-09-07,11462.18888888889,66.0
2018-09-08,10206.738888888887,66.0
2018-09-09,9306.155555555555,62.0
2018-09-10,10653.072222222225,65.0
2018-09-11,11176.533333333333,69.5
2018-09-12,11734.922222222222,72.5
2018-09-13,12028.094444444445,63.5
2018-09-14,12589.6,66.5
2018-09-15,12176.933333333332,64.0
2018-09-16,12002.783333333333,64.5
2018-09-17,14472.505555555555,61.0
2018-09-18,14711.622222222222,70.5
2018-09-19,13693.933333333332,70.0
2018-09-20,14961.65,57.5
2018-09-21,14179.6,69.5
2018-09-22,10048.122222222222,60.5
2018-09-23,9108.344444444445,57.0
2018-09-24,10649.66111111111,58.5
2018-09-25,11999.08888888889,55.0
2018-09-26,11115.05,53.0
2018-09-27,10568.466666666667,51.5
2018-09-28,10336.116666666669,53.0
2018-09-29,9323.35,51.5
2018-10-01,10428.388888888889,64.5
2018-10-02,10818.927777777775,62.5
2018-10-03,11779.711111111112,73.5
2018-10-04,11486.211111111112,64.5
2018-10-05,10428.083333333334,59.5
2018-10-06,9729.316666666668,63.5
2018-10-07,8903.394444444444,60.0
2018-10-08,10833.8,74.0
2018-10-09,12620.25,77.5
2018-10-10,12248.444444444443,63.0
2018-10-11,10316.638888888889,63.5
2018-10-12,10254.183333333332,39.0
2018-10-13,9507.15,42.5
2018-10-14,9002.866666666667,46.0
2018-10-15,10149.5,42.5
2018-10-16,10489.45,46.5
2018-10-17,10496.516666666666,44.5
2018-10-18,10497.377777777778,46.0
2018-10-19,10304.711111111112,50.0
2018-10-20,9479.722222222224,42.0
2018-10-21,9255.633333333331,50.5
2018-10-22,10294.505555555555,46.0
2018-10-23,10335.761111111113,44.5
2018-10-24,10374.461111111112,44.5
2018-10-25,10459.344444444445,47.5
2018-10-26,10307.816666666668,49.5
2018-10-27,9448.544444444444,48.0
2018-10-28,8940.455555555556,47.5
2018-10-29,10130.43888888889,54.5
2018-11-01,10240.677777777775,47.5
2018-11-02,10223.166666666666,43.5
2018-11-03,9538.172222222222,42.0
2018-11-04,9013.789772727272,49.0
2018-11-05,10088.761111111113,47.5
2018-11-06,10423.266666666666,44.0
2018-11-07,10757.461111111112,36.0
2018-11-08,11023.477777777778,37.0
2018-11-09,11108.466666666667,28.5
2018-11-10,10907.43888888889,26.5
2018-11-11,10336.383333333331,34.5
2018-11-12,11238.144444444444,29.0
2018-11-13,11807.444444444443,24.0
2018-11-14,11831.988888888887,26.5
2018-11-15,11588.211111111112,31.5
2018-11-16,11343.733333333334,29.0
2018-11-17,10676.011111111113,35.5
2018-11-18,10120.366666666669,30.5
2018-11-19,11337.35,28.5
2018-11-20,11729.505555555555,27.5
2018-11-21,11703.6,29.0
2018-11-22,10661.433333333332,32.0
2018-11-23,9745.072222222225,31.5
2018-11-24,9598.65,38.0
2018-11-25,9615.644444444444,36.5
2018-11-26,11379.81111111111,38.0
2018-11-27,12163.727777777778,34.5
2018-11-28,12243.277777777776,32.0
2018-11-29,11959.094444444445,27.5
2018-12-01,10696.7,39.0
2018-12-02,9926.461111111112,39.5
2018-12-03,11249.544444444444,32.0
2018-12-04,11846.638888888889,30.0
2018-12-05,12024.194444444443,29.0
2018-12-06,12022.327777777778,26.0
2018-12-07,12355.744444444445,20.5
2018-12-08,11532.094444444445,26.0
2018-12-09,10792.383333333331,26.0
2018-12-10,11803.944444444443,25.0
2018-12-11,12054.594444444445,31.5
2018-12-12,12053.422222222222,35.0
2018-12-13,11797.533333333333,35.0
2018-12-14,11404.761111111113,36.0
2018-12-15,10610.06111111111,36.0
2018-12-16,10012.711111111112,37.0
2018-12-17,11315.7,35.0
2018-12-18,11751.05,33.5
2018-12-19,11527.566666666668,41.0
2018-12-20,11300.111111111111,42.0
2018-12-21,11394.933333333332,33.5
2018-12-22,10792.167272727273,31.0
2018-12-23,10480.239024390245,31.5
2018-12-24,10567.2,28.0
2018-12-25,9958.683333333332,35.0
2018-12-26,10927.955555555556,35.5
2018-12-27,11165.3,30.0
2018-12-28,10856.511111111113,30.5
